sequence,image1,image2,image3,has_animal
2,290716114012001a1116.JPG,290716114014001a1114.JPG,290716114014001a1115.JPG,1
3,280716130614001a1111.JPG,280716130614001a1112.JPG,280716130614001a1113.JPG,0
4,280716130526001a1113.JPG,280716130528001a1111.JPG,280716130528001a1112.JPG,0
5,250716162756001a1113.JPG,250716162758001a1111.JPG,250716162758001a1112.JPG,0
6,250716130638001a1113.JPG,250716130640001a1111.JPG,250716130640001a1112.JPG,0
7,240716125716001a1113.JPG,240716125718001a1111.JPG,240716125718001a1112.JPG,0
8,240716105058001a1111.JPG,240716105058001a1112.JPG,240716105058001a1113.JPG,0
9,220816130314001a1114.JPG,220816130314001a1115.JPG,220816130314001a1116.JPG,0
10,210816194946001a1111.JPG,210816194946001a1112.JPG,210816194946001a1113.JPG,0
11,100816185652001a1111.JPG,100816185652001a1112.JPG,100816185652001a1113.JPG,1
12,100816090812001a1111.JPG,100816090812001a1112.JPG,100816090812001a1113.JPG,1
13,090816194736001a1112.JPG,090816194736001a1113.JPG,090816194738001a1111.JPG,1
15,050816144738001a1111.JPG,050816144738001a1112.JPG,050816144738001a1113.JPG,1
17,180516121622001a1602.JPG,180516121622001a1603.JPG,180516121624001a1601.JPG,1
18,260416120224001a1601.JPG,260416120224001a1602.JPG,260416120224001a1603.JPG,1
19,260416100220001a1601.JPG,260416100220001a1602.JPG,260416100220001a1603.JPG,0
22,100516120628001a1604.JPG,100516120628001a1605.JPG,100516120628001a1606.JPG,1
23,090516044734001a1601.JPG,090516044734001a1602.JPG,090516044734001a1603.JPG,1
26,050516161440001a1602.JPG,050516161440001a1603.JPG,050516161442001a1601.JPG,1
27,010516111052001a1601.JPG,010516111052001a1602.JPG,010516111052001a1603.JPG,1
28,180216225420001as071.JPG,180216225420001as072.JPG,180216225420001as073.JPG,1
29,070216123238001as071.JPG,070216123238001as072.JPG,070216123238001as073.JPG,1
37,230116065608001as073.JPG,230116065610001as071.JPG,230116065610001as072.JPG,1
39,150216224254001as073.JPG,150216224256001as071.JPG,150216224256001as072.JPG,1
41,120216083622001as072.JPG,120216083622001as073.JPG,120216083624001as071.JPG,0
43,110216104034001as071.JPG,110216104034001as072.JPG,110216104034001as073.JPG,1
44,110216082938001as073.JPG,110216082940001as071.JPG,110216082940001as072.JPG,0
46,080216044354001as071.JPG,080216044354001as072.JPG,080216044354001as073.JPG,1
48,181016182506001as461.JPG,181016182506001as462.JPG,181016182508001as463.JPG,1
52,181016025852001as461.JPG,181016025852001as462.JPG,181016025854001as463.JPG,0
55,121016140150001as461.JPG,121016140152001as462.JPG,121016140152001as463.JPG,1
56,041116061118001as461.JPG,041116061118001as462.JPG,041116061120001as463.JPG,1
57,311016064504001as461.JPG,311016064504001as462.JPG,311016064506001as463.JPG,0
58,271016061142001as461.JPG,271016061142001as462.JPG,271016061142001as463.JPG,0
59,261016143948001as464.JPG,261016143950001as465.JPG,261016143950001as466.JPG,1
60,231016181706001as461.JPG,231016181708001as462.JPG,231016181708001as463.JPG,1
61,201016200536001as461.JPG,201016200536001as462.JPG,201016200538001as463.JPG,1
62,201016023622001as461.JPG,201016023622001as462.JPG,201016023622001as463.JPG,1
63,191016162816001as461.JPG,191016162816001as462.JPG,191016162816001as463.JPG,1
64,240516120022001b9231.JPG,240516120022001b9232.JPG,240516120022001b9233.JPG,1
66,090516144744001b9232.JPG,090516144744001b9233.JPG,090516144746001b9231.JPG,1
68,060516153738001b9231.JPG,060516153738001b9232.JPG,060516153738001b9233.JPG,1
69,260416130044001b9233.JPG,260416130046001b9231.JPG,260416130046001b9232.JPG,1
70,250416013542001b9231.JPG,250416013542001b9232.JPG,250416013542001b9233.JPG,1
72,220416164508001b9231.JPG,220416164508001b9232.JPG,220416164508001b9233.JPG,0
73,220416043108001b9231.JPG,220416043108001b9232.JPG,220416043108001b9233.JPG,1
74,240516092356001b9233.JPG,240516092358001b9231.JPG,240516092358001b9232.JPG,1
75,230516115452001b9232.JPG,230516115452001b9233.JPG,230516115454001b9231.JPG,1
77,170516140510001b9232.JPG,170516140510001b9233.JPG,170516140512001b9231.JPG,1
78,170516135812001b9236.JPG,170516135814001b9234.JPG,170516135814001b9235.JPG,1
79,170516135458001b9231.JPG,170516135458001b9232.JPG,170516135458001b9233.JPG,1
80,170516135036001b9231.JPG,170516135036001b9232.JPG,170516135036001b9233.JPG,1
82,210816080712001b9704.JPG,210816080712001b9705.JPG,210816080712001b9706.JPG,0
83,090816093552001b9701.JPG,090816093552001b9702.JPG,090816093552001b9703.JPG,1
84,080816140016001b9703.JPG,080816140018001b9701.JPG,080816140018001b9702.JPG,1
85,080816121932001b9702.JPG,080816121932001b9703.JPG,080816121934001b9701.JPG,1
86,080816105356001b9702.JPG,080816105356001b9703.JPG,080816105358001b9701.JPG,1
87,080816104934001b9702.JPG,080816104934001b9703.JPG,080816104936001b9701.JPG,1
88,070816153410001b9703.JPG,070816153412001b9701.JPG,070816153412001b9702.JPG,1
89,070816104214001b9701.JPG,070816104214001b9702.JPG,070816104214001b9703.JPG,1
90,060816083444001b9701.JPG,060816083444001b9702.JPG,060816083444001b9703.JPG,1
91,050816085516001b9703.JPG,050816085518001b9701.JPG,050816085518001b9702.JPG,1
92,050816034608001b9701.JPG,050816034608001b9702.JPG,050816034608001b9703.JPG,0
93,180816134852001b9701.JPG,180816134852001b9702.JPG,180816134852001b9703.JPG,1
94,050816034442001b9702.JPG,050816034442001b9703.JPG,050816034444001b9701.JPG,1
95,030816130618001b9701.JPG,030816130618001b9702.JPG,030816130618001b9703.JPG,1
96,010816161430001b9702.JPG,010816161430001b9703.JPG,010816161432001b9701.JPG,1
99,300716154510001b9701.JPG,300716154510001b9702.JPG,300716154510001b9703.JPG,0
100,300716092900001b9703.JPG,300716092900001b9704.JPG,300716092900001b9705.JPG,0
101,300716092448001b9701.JPG,300716092448001b9702.JPG,300716092448001b9703.JPG,0
102,300716092134001b9702.JPG,300716092134001b9703.JPG,300716092136001b9701.JPG,0
104,160816130144001b9702.JPG,160816130144001b9703.JPG,160816130146001b9701.JPG,1
106,260716105926001b9701.JPG,260716105926001b9702.JPG,260716105926001b9703.JPG,0
107,240716143732001b9701.JPG,240716143732001b9702.JPG,240716143732001b9703.JPG,1
108,150816072858001b9701.JPG,150816072858001b9702.JPG,150816072858001b9703.JPG,0
109,140816113146001b9701.JPG,140816113146001b9702.JPG,140816113146001b9703.JPG,1
111,120816151932001b9702.JPG,120816151932001b9703.JPG,120816151934001b9701.JPG,0
112,110816104840001b9702.JPG,110816104840001b9703.JPG,110816104842001b9701.JPG,1
113,110816074956001b9702.JPG,110816074956001b9703.JPG,110816074958001b9701.JPG,1
114,131116162904001bs171.JPG,131116162904001bs172.JPG,131116162904001bs173.JPG,0
116,141016124428001bs171.JPG,141016124428001bs172.JPG,141016124428001bs173.JPG,1
117,111116140656001bs171.JPG,111116140656001bs172.JPG,111116140656001bs173.JPG,1
118,111116110020001bs171.JPG,111116110020001bs172.JPG,111116110022001bs173.JPG,1
119,061116163724001bs171.JPG,061116163726001bs172.JPG,061116163726001bs173.JPG,1
120,041116170826001bs171.JPG,041116170826001bs172.JPG,041116170826001bs173.JPG,1
121,021116094118001bs171.JPG,021116094118001bs172.JPG,021116094120001bs173.JPG,1
123,231016225444001bs171.JPG,231016225444001bs172.JPG,231016225446001bs173.JPG,1
124,191016181102001bs171.JPG,191016181102001bs172.JPG,191016181102001bs173.JPG,1
125,180216171840001bs311.JPG,180216171840001bs312.JPG,180216171840001bs313.JPG,1
127,130216213654001bs312.JPG,130216213654001bs313.JPG,130216213656001bs311.JPG,1
128,130216050514001bs314.JPG,130216050514001bs315.JPG,130216050514001bs316.JPG,1
131,120216160432001bs313.JPG,120216160434001bs311.JPG,120216160434001bs312.JPG,1
132,110216125246001bs313.JPG,110216125248001bs311.JPG,110216125248001bs312.JPG,1
133,090216040438001bs311.JPG,090216040438001bs312.JPG,090216040438001bs313.JPG,1
136,180216171512001bs313.JPG,180216171514001bs311.JPG,180216171514001bs312.JPG,1
137,280116141742001bs312.JPG,280116141742001bs313.JPG,280116141744001bs311.JPG,1
138,280116141624001bs311.JPG,280116141624001bs312.JPG,280116141624001bs313.JPG,1
139,270116052848001bs311.JPG,270116052848001bs312.JPG,270116052848001bs313.JPG,1
140,220116210916001bs311.JPG,220116210916001bs312.JPG,220116210916001bs313.JPG,1
141,220116034540001bs311.JPG,220116034540001bs312.JPG,220116034540001bs313.JPG,1
142,220116021644001bs313.JPG,220116021646001bs311.JPG,220116021646001bs312.JPG,1
144,180216011650001bs313.JPG,180216011652001bs311.JPG,180216011652001bs312.JPG,1
145,160216203416001bs311.JPG,160216203416001bs312.JPG,160216203416001bs313.JPG,1
146,160216201818001bs312.JPG,160216201818001bs313.JPG,160216201820001bs311.JPG,1
147,150216042140001bs311.JPG,150216042140001bs312.JPG,150216042140001bs313.JPG,1
148,150216035336001bs312.JPG,150216035336001bs313.JPG,150216035338001bs311.JPG,1
149,150216033952001bs311.JPG,150216033952001bs312.JPG,150216033952001bs313.JPG,1
151,131116102402001c6371.JPG,131116102404001c6372.JPG,131116102404001c6373.JPG,1
154,130216142154001c7512.JPG,130216142154001c7513.JPG,130216142156001c7511.JPG,1
155,110216050252001c7511.JPG,110216050252001c7512.JPG,110216050252001c7513.JPG,0
156,090216080600001c7512.JPG,090216080600001c7513.JPG,090216080602001c7511.JPG,1
157,090216064328001c7512.JPG,090216064328001c7513.JPG,090216064330001c7511.JPG,1
158,080216220706001c7511.JPG,080216220706001c7512.JPG,080216220706001c7513.JPG,1
160,030216093320001c7513.JPG,030216093322001c7511.JPG,030216093322001c7512.JPG,1
161,300116055200001c7513.JPG,300116055202001c7511.JPG,300116055202001c7512.JPG,1
164,180216083840001c7513.JPG,180216083842001c7511.JPG,180216083842001c7512.JPG,0
165,270116062908001c7511.JPG,270116062908001c7512.JPG,270116062908001c7513.JPG,1
166,250116162312001c7511.JPG,250116162312001c7512.JPG,250116162312001c7513.JPG,1
167,230116195102001c7512.JPG,230116195102001c7513.JPG,230116195104001c7511.JPG,1
171,170216025756001c7511.JPG,170216025800001c7511.JPG,170216025800001c7512.JPG,1
175,130216160140001c7513.JPG,130216160142001c7511.JPG,130216160142001c7512.JPG,1
176,120516081836001c9963.JPG,120516081838001c9961.JPG,120516081838001c9962.JPG,0
177,090516235604001c9962.JPG,090516235604001c9963.JPG,090516235606001c9961.JPG,1
178,220416115102001c9961.JPG,220416115102001c9962.JPG,220416115102001c9963.JPG,1
179,230816044654001cs432.JPG,230816044654001cs433.JPG,230816044656001cs431.JPG,1
180,220816142444001cs433.JPG,220816142446001cs431.JPG,220816142446001cs432.JPG,1
183,040816084222001cs433.JPG,040816084224001cs431.JPG,040816084224001cs432.JPG,1
185,300716081332001cs433.JPG,300716081334001cs431.JPG,300716081334001cs432.JPG,0
187,051116051254002a5753.JPG,051116051258002a5751.JPG,051116051258002a5752.JPG,1
189,041116070616002a5751.JPG,041116070616002a5752.JPG,041116070616002a5753.JPG,1
191,031116161744002a5754.JPG,031116161746002a5755.JPG,031116161746002a5756.JPG,1
192,031116161634002a5751.JPG,031116161634002a5752.JPG,031116161636002a5753.JPG,1
193,031116161530002a5751.JPG,031116161530002a5752.JPG,031116161532002a5753.JPG,1
194,031116153904002a5751.JPG,031116153906002a5752.JPG,031116153906002a5753.JPG,1
195,031116063158002a5751.JPG,031116063158002a5753.JPG,031116063200002a5751.JPG,1
196,021116144854002a5751.JPG,021116144856002a5752.JPG,021116144856002a5753.JPG,1
197,131116112530002a5751.JPG,131116112530002a5752.JPG,131116112530002a5753.JPG,0
199,311016030222002a5751.JPG,311016030222002a5752.JPG,311016030224002a5753.JPG,1
201,291016104404002a5751.JPG,291016104404002a5752.JPG,291016104404002a5753.JPG,1
202,241016164552002a5751.JPG,241016164552002a5752.JPG,241016164554002a5753.JPG,1
203,231016054740002a5751.JPG,231016054740002a5752.JPG,231016054740002a5753.JPG,0
204,221016130510002a5751.JPG,221016130510002a5752.JPG,221016130510002a5753.JPG,1
205,221016130226002a5751.JPG,221016130226002a5752.JPG,221016130228002a5753.JPG,1
206,221016130028002a5751.JPG,221016130028002a5752.JPG,221016130028002a5753.JPG,1
209,201016062024002a5751.JPG,201016062024002a5752.JPG,201016062024002a5753.JPG,1
210,181016111946002a5754.JPG,181016111946002a5755.JPG,181016111946002a5756.JPG,1
211,181016111910002a5751.JPG,181016111912002a5752.JPG,181016111912002a5753.JPG,1
212,161016113058002a5751.JPG,161016113058002a5752.JPG,161016113058002a5753.JPG,1
216,151016100442002a5751.JPG,151016100442002a5752.JPG,151016100442002a5753.JPG,1
218,141016093140002a5751.JPG,141016093140002a5752.JPG,141016093142002a5753.JPG,1
219,091116113028002a5751.JPG,091116113028002a5752.JPG,091116113030002a5753.JPG,1
220,131016215954002a5751.JPG,131016215956002a5752.JPG,131016215956002a5753.JPG,0
221,131016174628002a5751.JPG,131016174630002a5752.JPG,131016174630002a5753.JPG,1
224,091016155110002a5751.JPG,091016155110002a5752.JPG,091016155110002a5753.JPG,1
225,081116131158002a5751.JPG,081116131158002a5752.JPG,081116131158002a5753.JPG,1
226,071116141208002a5751.JPG,071116141208002a5752.JPG,071116141208002a5753.JPG,1
227,071116065118002a5751.JPG,071116065118002a5752.JPG,071116065120002a5753.JPG,1
228,061116171614002a5751.JPG,061116171614002a5752.JPG,061116171614002a5753.JPG,1
229,061116142954002a5751.JPG,061116142954002a5752.JPG,061116142954002a5753.JPG,1
231,070516141910002as091.JPG,070516141910002as092.JPG,070516141910002as093.JPG,1
236,020816164024002as311.JPG,020816164024002as312.JPG,020816164024002as313.JPG,0
237,020816132014002as311.JPG,020816132016002as312.JPG,020816132016002as313.JPG,0
238,310716064228002as311.JPG,310716064228002as312.JPG,310716064228002as313.JPG,1
239,260716170526002as311.JPG,260716170528002as312.JPG,260716170528002as313.JPG,1
240,180216054822002as463.JPG,180216054822002as464.JPG,180216054822002as465.JPG,1
241,080216184516002as463.JPG,080216184516002as464.JPG,080216184516002as465.JPG,1
242,070216082712002as463.JPG,070216082712002as464.JPG,070216082712002as465.JPG,1
244,050216192008002as463.JPG,050216192008002as464.JPG,050216192008002as465.JPG,0
245,040216084124002as463.JPG,040216084124002as464.JPG,040216084124002as465.JPG,1
246,040216062704002as463.JPG,040216062704002as464.JPG,040216062704002as465.JPG,1
247,030216053628002as463.JPG,030216053628002as464.JPG,030216053628002as465.JPG,1
248,020216074924002as463.JPG,020216074924002as464.JPG,020216074924002as465.JPG,0
249,020216054344002as463.JPG,020216054344002as464.JPG,020216054346002as465.JPG,1
250,010216192308002as463.JPG,010216192308002as464.JPG,010216192308002as465.JPG,1
251,160216053942002as463.JPG,160216053942002as464.JPG,160216053942002as465.JPG,1
252,010216191412002as463.JPG,010216191414002as464.JPG,010216191414002as465.JPG,1
253,010216065602002as463.JPG,010216065604002as464.JPG,010216065604002as465.JPG,1
255,010216055938002as463.JPG,010216055938002as464.JPG,010216055938002as465.JPG,1
256,310116192758002as463.JPG,310116192758002as464.JPG,310116192800002as463.JPG,1
257,310116172730002as463.JPG,310116172730002as464.JPG,310116172730002as465.JPG,1
258,310116055602002as463.JPG,310116055602002as464.JPG,310116055604002as465.JPG,1
259,310116053808002as463.JPG,310116053808002as464.JPG,310116053808002as465.JPG,1
260,300116131956002as466.JPG,300116131956002as467.JPG,300116131958002as468.JPG,1
261,290116121202002as463.JPG,290116121204002as464.JPG,290116121204002as465.JPG,1
263,290116121018002as463.JPG,290116121018002as464.JPG,290116121018002as465.JPG,1
264,290116082052002as463.JPG,290116082052002as464.JPG,290116082052002as465.JPG,1
265,290116075534002as463.JPG,290116075534002as464.JPG,290116075536002as465.JPG,1
268,290116062328002as463.JPG,290116062328002as464.JPG,290116062330002as465.JPG,1
269,290116062254002as463.JPG,290116062254002as464.JPG,290116062254002as465.JPG,1
271,280116082800002as463.JPG,280116082800002as464.JPG,280116082800002as465.JPG,1
272,270116075310002as463.JPG,270116075310002as464.JPG,270116075310002as465.JPG,1
273,140216053420002as463.JPG,140216053422002as464.JPG,140216053422002as465.JPG,0
274,260116191200002as463.JPG,260116191202002as464.JPG,260116191202002as465.JPG,1
275,250116140400002as463.JPG,250116140400002as464.JPG,250116140402002as465.JPG,0
278,240116052140002as466.JPG,240116052140002as467.JPG,240116052142002as468.JPG,1
279,230116063500002as463.JPG,230116063502002as464.JPG,230116063502002as465.JPG,1
280,230116062932002as463.JPG,230116062932002as464.JPG,230116062932002as465.JPG,0
281,220116163010002as463.JPG,220116163010002as464.JPG,220116163010002as465.JPG,1
283,200116183540002as463.JPG,200116183540002as464.JPG,200116183540002as465.JPG,1
285,200116161720002as463.JPG,200116161720002as464.JPG,200116161720002as465.JPG,1
287,190116105728002as463.JPG,190116105728002as464.JPG,190116105728002as465.JPG,1
292,190116054936002as463.JPG,190116054938002as464.JPG,190116054938002as465.JPG,1
293,180116190328002as463.JPG,180116190328002as464.JPG,180116190328002as465.JPG,1
294,120216052656002as463.JPG,120216052656002as464.JPG,120216052700002as463.JPG,1
295,100216122904002as463.JPG,100216122904002as464.JPG,100216122904002as465.JPG,1
296,100216122208002as463.JPG,100216122208002as464.JPG,100216122210002as465.JPG,1
297,090216054522002as463.JPG,090216054522002as464.JPG,090216054522002as465.JPG,1
298,081116124130002b3301.JPG,081116124130002b3302.JPG,081116124130002b3303.JPG,1
300,281016011454002b3301.JPG,281016011454002b3302.JPG,281016011456002b3303.JPG,1
301,271016135734002b3301.JPG,271016135736002b3302.JPG,271016135736002b3303.JPG,1
303,231016114922002b3301.JPG,231016114922002b3302.JPG,231016114922002b3303.JPG,1
308,201016192354002b3301.JPG,201016192356002b3302.JPG,201016192356002b3303.JPG,1
309,071116093518002b3301.JPG,071116093518002b3302.JPG,071116093520002b3303.JPG,1
310,201016033746002b3301.JPG,201016033748002b3302.JPG,201016033748002b3303.JPG,1
312,171016183326002b3301.JPG,171016183328002b3302.JPG,171016183328002b3303.JPG,1
314,151016113842002b3301.JPG,151016113844002b3302.JPG,151016113844002b3303.JPG,1
315,131016073144002b3304.JPG,131016073146002b3305.JPG,131016073146002b3306.JPG,1
316,111016011700002b3301.JPG,111016011700002b3302.JPG,111016011700002b3303.JPG,1
317,091016105724002b3301.JPG,091016105724002b3302.JPG,091016105724002b3303.JPG,0
318,071116022848002b3301.JPG,071116022848002b3302.JPG,071116022850002b3303.JPG,1
319,051116141552002b3301.JPG,051116141552002b3302.JPG,051116141552002b3303.JPG,1
320,051116114630002b3302.JPG,051116114630002b3303.JPG,051116114630002b3304.JPG,1
321,051116114558002b3304.JPG,051116114558002b3305.JPG,051116114600002b3301.JPG,1
322,311016075124002b3301.JPG,311016075124002b3302.JPG,311016075126002b3303.JPG,1
323,301016011052002b3301.JPG,301016011054002b3302.JPG,301016011054002b3303.JPG,1
324,291016154124002b3301.JPG,291016154124002b3302.JPG,291016154124002b3303.JPG,1
325,130216185902002b7351.JPG,130216185902002b7352.JPG,130216185902002b7353.JPG,1
326,080216133910002b7351.JPG,080216133910002b7352.JPG,080216133910002b7353.JPG,1
329,180116175242002b7354.JPG,180116175244002b7355.JPG,180116175244002b7356.JPG,1
330,180116165234002b7351.JPG,180116165236002b7352.JPG,180116165236002b7353.JPG,1
331,070216152148002b7351.JPG,070216152148002b7352.JPG,070216152148002b7353.JPG,1
332,070216112444002b7351.JPG,070216112444002b7352.JPG,070216112446002b7353.JPG,1
334,060216145106002b7351.JPG,060216145108002b7352.JPG,060216145108002b7353.JPG,1
335,060216054440002b7351.JPG,060216054440002b7352.JPG,060216054440002b7353.JPG,1
336,060216053752002b7351.JPG,060216053754002b7352.JPG,060216053754002b7353.JPG,1
340,120216052940002b7351.JPG,120216052940002b7352.JPG,120216052940002b7353.JPG,1
341,040216082954002b7351.JPG,040216082954002b7352.JPG,040216082956002b7353.JPG,1
344,030216165334002b7351.JPG,030216165334002b7352.JPG,030216165334002b7353.JPG,1
346,030216071720002b7351.JPG,030216071722002b7352.JPG,030216071722002b7353.JPG,1
347,020216053132002b7351.JPG,020216053132002b7352.JPG,020216053132002b7353.JPG,1
349,010216174502002b7351.JPG,010216174502002b7352.JPG,010216174504002b7353.JPG,1
350,010216171422002b7351.JPG,010216171422002b7352.JPG,010216171422002b7353.JPG,1
351,120216052656002b7351.JPG,120216052656002b7352.JPG,120216052656002b7353.JPG,1
352,010216151916002b7351.JPG,010216151916002b7352.JPG,010216151918002b7353.JPG,1
353,010216142858002b7351.JPG,010216142858002b7352.JPG,010216142858002b7353.JPG,1
356,010216090438002b7351.JPG,010216090440002b7352.JPG,010216090440002b7353.JPG,1
357,010216083232002b7351.JPG,010216083232002b7352.JPG,010216083234002b7353.JPG,1
359,010216073204002b7351.JPG,010216073206002b7352.JPG,010216073206002b7353.JPG,1
360,010216070914002b7351.JPG,010216070914002b7352.JPG,010216070914002b7353.JPG,1
362,100216191822002b7351.JPG,100216191822002b7352.JPG,100216191822002b7353.JPG,1
364,310116054506002b7351.JPG,310116054506002b7352.JPG,310116054506002b7353.JPG,1
366,300116171116002b7351.JPG,300116171116002b7352.JPG,300116171118002b7353.JPG,1
367,300116113432002b7351.JPG,300116113432002b7352.JPG,300116113434002b7353.JPG,0
368,300116112204002b7351.JPG,300116112204002b7352.JPG,300116112206002b7353.JPG,1
370,290116150408002b7351.JPG,290116150410002b7352.JPG,290116150410002b7353.JPG,1
372,280116183402002b7351.JPG,280116183402002b7352.JPG,280116183404002b7353.JPG,1
373,090216191242002b7351.JPG,090216191244002b7352.JPG,090216191244002b7353.JPG,1
374,280116171930002b7351.JPG,280116171930002b7352.JPG,280116171932002b7353.JPG,1
376,280116145520002b7351.JPG,280116145520002b7352.JPG,280116145520002b7353.JPG,1
378,280116063758002b7351.JPG,280116063758002b7352.JPG,280116063758002b7353.JPG,1
379,280116062526002b7351.JPG,280116062528002b7352.JPG,280116062528002b7353.JPG,1
382,270116170506002b7351.JPG,270116170506002b7352.JPG,270116170506002b7353.JPG,1
383,270116164458002b7351.JPG,270116164458002b7352.JPG,270116164458002b7353.JPG,0
384,090216182540002b7354.JPG,090216182542002b7355.JPG,090216182542002b7356.JPG,1
385,270116145810002b7351.JPG,270116145812002b7352.JPG,270116145812002b7353.JPG,0
386,270116104116002b7351.JPG,270116104116002b7352.JPG,270116104116002b7353.JPG,0
389,260116103342002b7351.JPG,260116103342002b7352.JPG,260116103342002b7353.JPG,0
390,260116080026002b7351.JPG,260116080026002b7352.JPG,260116080028002b7353.JPG,1
392,250116165920002b7351.JPG,250116165922002b7352.JPG,250116165922002b7353.JPG,1
395,090216144448002b7351.JPG,090216144448002b7352.JPG,090216144448002b7353.JPG,1
397,240116174050002b7351.JPG,240116174052002b7352.JPG,240116174052002b7353.JPG,0
399,240116131548002b7351.JPG,240116131548002b7352.JPG,240116131548002b7353.JPG,0
400,240116093654002b7351.JPG,240116093656002b7352.JPG,240116093656002b7353.JPG,1
401,230116125716002b7351.JPG,230116125716002b7352.JPG,230116125718002b7353.JPG,1
402,230116100746002b7354.JPG,230116100746002b7355.JPG,230116100746002b7356.JPG,1
403,230116094646002b7351.JPG,230116094646002b7352.JPG,230116094648002b7353.JPG,1
404,230116091810002b7351.JPG,230116091810002b7352.JPG,230116091812002b7353.JPG,1
406,090216060740002b7351.JPG,090216060740002b7352.JPG,090216060740002b7353.JPG,1
409,230116052812002b7351.JPG,230116052812002b7352.JPG,230116052814002b7353.JPG,1
410,220116163508002b7351.JPG,220116163508002b7352.JPG,220116163510002b7353.JPG,1
411,220116061420002b7351.JPG,220116061420002b7352.JPG,220116061420002b7353.JPG,1
412,210116180136002b7351.JPG,210116180136002b7352.JPG,210116180136002b7353.JPG,1
413,210116161224002b7351.JPG,210116161226002b7352.JPG,210116161226002b7353.JPG,1
421,200116093012002b7351.JPG,200116093014002b7352.JPG,200116093014002b7353.JPG,1
422,200116063926002b7351.JPG,200116063926002b7352.JPG,200116063928002b7353.JPG,1
424,190116162124002b7351.JPG,190116162124002b7352.JPG,190116162124002b7353.JPG,0
427,190116085856002b7351.JPG,190116085856002b7352.JPG,190116085856002b7353.JPG,1
428,100516105618002bl132.JPG,100516105618002bl133.JPG,100516105620002bl131.JPG,1
429,070516151248002bl133.JPG,070516151250002bl131.JPG,070516151250002bl132.JPG,1
430,250416180742002bl132.JPG,250416180742002bl133.JPG,250416180744002bl131.JPG,1
432,180816135612002bs111.JPG,180816135614002bs112.JPG,180816135614002bs113.JPG,1
433,070816095930002bs111.JPG,070816095930002bs112.JPG,070816095930002bs113.JPG,1
434,060816095354002bs111.JPG,060816095354002bs112.JPG,060816095354002bs113.JPG,1
435,020816132710002bs111.JPG,020816132710002bs112.JPG,020816132710002bs113.JPG,1
436,310716081546002bs111.JPG,310716081546002bs112.JPG,310716081546002bs113.JPG,1
438,290716150518002bs111.JPG,290716150518002bs112.JPG,290716150520002bs113.JPG,1
442,200716102546002bs114.JPG,200716102546002bs115.JPG,200716102548002bs116.JPG,1
444,170816095924002bs111.JPG,170816095924002bs112.JPG,170816095926002bs113.JPG,1
445,160816174920002bs111.JPG,160816174920002bs112.JPG,160816174922002bs113.JPG,1
446,120816113734002bs111.JPG,120816113734002bs112.JPG,120816113734002bs113.JPG,1
